[
  {
    "fullName": "Zada Attwood",
    "boughtCars": 4,
    "spentMoney": 11849.64
  },
  {
    "fullName": "Oren Perlman",
    "boughtCars": 4,
    "spentMoney": 11487.70
  },
  {
    "fullName": "Carole Witman",
    "boughtCars": 2,
    "spentMoney": 8985.31
  },
  {
    "fullName": "Johnette Derryberry",
    "boughtCars": 3,
    "spentMoney": 8955.15
  },
  {
    "fullName": "Hipolito Lamoreaux",
    "boughtCars": 6,
    "spentMoney": 8011.90
  },
  {
    "fullName": "Lino Subia",
    "boughtCars": 2,
    "spentMoney": 7978.07
  },
  {
    "fullName": "Garret Capron",
    "boughtCars": 3,
    "spentMoney": 7628.62
  },
  {
    "fullName": "Teddy Hobby",
    "boughtCars": 5,
    "spentMoney": 7552.84
  },
  {
    "fullName": "Cinthia Lasala",
    "boughtCars": 5,
    "spentMoney": 7165.39
  },
  {
    "fullName": "Carri Knapik",
    "boughtCars": 4,
    "spentMoney": 6529.93
  },
  {
    "fullName": "Natalie Poli",
    "boughtCars": 3,
    "spentMoney": 6490.29
  },
  {
    "fullName": "Faustina Burgher",
    "boughtCars": 4,
    "spentMoney": 6324.19
  },
  {
    "fullName": "Marcelle Griego",
    "boughtCars": 3,
    "spentMoney": 6126.03
  },
  {
    "fullName": "Audrea Cardinal",
    "boughtCars": 3,
    "spentMoney": 5605.20
  },
  {
    "fullName": "Donnetta Soliz",
    "boughtCars": 3,
    "spentMoney": 5456.16
  },
  {
    "fullName": "Jimmy Grossi",
    "boughtCars": 3,
    "spentMoney": 5437.79
  },
  {
    "fullName": "Emmitt Benally",
    "boughtCars": 5,
    "spentMoney": 5411.81
  },
  {
    "fullName": "Louann Holzworth",
    "boughtCars": 3,
    "spentMoney": 3433.00
  },
  {
    "fullName": "Brett Brickley",
    "boughtCars": 2,
    "spentMoney": 2695.67
  },
  {
    "fullName": "Kristian Engberg",
    "boughtCars": 3,
    "spentMoney": 2603.33
  },
  {
    "fullName": "Hai Everton",
    "boughtCars": 2,
    "spentMoney": 2589.86
  },
  {
    "fullName": "Yvonne Mccalla",
    "boughtCars": 1,
    "spentMoney": 2372.32
  },
  {
    "fullName": "Daniele Zarate",
    "boughtCars": 3,
    "spentMoney": 2149.25
  },
  {
    "fullName": "Taina Achenbach",
    "boughtCars": 2,
    "spentMoney": 2067.66
  },
  {
    "fullName": "Rema Revelle",
    "boughtCars": 1,
    "spentMoney": 1573.88
  },
  {
    "fullName": "Nisha Markwell",
    "boughtCars": 1,
    "spentMoney": 1387.67
  },
  {
    "fullName": "Rico Peer",
    "boughtCars": 2,
    "spentMoney": 1208.07
  },
  {
    "fullName": "Ann Mcenaney",
    "boughtCars": 2,
    "spentMoney": 662.50
  },
  {
    "fullName": "Francis Mckim",
    "boughtCars": 2,
    "spentMoney": 484.94
  },
  {
    "fullName": "Sylvie Mcelravy",
    "boughtCars": 2,
    "spentMoney": 480.95
  }
]